{
  "provide": {
    "precision": 0.9649122807017544,
    "recall": 0.9860557768924303,
    "f1-score": 0.9753694581280788,
    "support": 502,
    "confused_with": {
      "accept_provide": 3,
      "uninspiring": 2
    }
  },
  "negate": {
    "precision": 0.8181818181818182,
    "recall": 0.8181818181818182,
    "f1-score": 0.8181818181818182,
    "support": 11,
    "confused_with": {
      "uninspiring": 1,
      "provide": 1
    }
  },
  "accept_provide": {
    "precision": 0.7894736842105263,
    "recall": 0.5769230769230769,
    "f1-score": 0.6666666666666666,
    "support": 26,
    "confused_with": {
      "provide": 6,
      "accept": 5
    }
  },
  "accept": {
    "precision": 0.75,
    "recall": 0.9473684210526315,
    "f1-score": 0.8372093023255814,
    "support": 19,
    "confused_with": {
      "provide": 1
    }
  },
  "uninspiring": {
    "precision": 0.5714285714285714,
    "recall": 0.25,
    "f1-score": 0.34782608695652173,
    "support": 16,
    "confused_with": {
      "provide": 10,
      "accept_provide": 1
    }
  },
  "accuracy": 0.9425087108013938,
  "macro avg": {
    "precision": 0.778799270904534,
    "recall": 0.7157058186099914,
    "f1-score": 0.7290506664517334,
    "support": 574
  },
  "weighted avg": {
    "precision": 0.9360716687188354,
    "recall": 0.9425087108013938,
    "f1-score": 0.9363083544409745,
    "support": 574
  },
  "micro avg": {
    "precision": 0.9425087108013938,
    "recall": 0.9425087108013938,
    "f1-score": 0.9425087108013938,
    "support": 574
  }
}