{
  "accept_provide": {
    "precision": 0.8076923076923077,
    "recall": 0.8076923076923077,
    "f1-score": 0.8076923076923077,
    "support": 52,
    "confused_with": {
      "provide": 6,
      "accept": 4
    }
  },
  "accept": {
    "precision": 0.8571428571428571,
    "recall": 0.8333333333333334,
    "f1-score": 0.8450704225352113,
    "support": 36,
    "confused_with": {
      "provide": 4,
      "accept_provide": 2
    }
  },
  "provide": {
    "precision": 0.9724208375893769,
    "recall": 0.9855072463768116,
    "f1-score": 0.9789203084832905,
    "support": 966,
    "confused_with": {
      "accept_provide": 7,
      "negate": 4
    }
  },
  "negate": {
    "precision": 0.7083333333333334,
    "recall": 0.85,
    "f1-score": 0.7727272727272727,
    "support": 20,
    "confused_with": {
      "provide": 3
    }
  },
  "uninspiring": {
    "precision": 0.875,
    "recall": 0.4375,
    "f1-score": 0.5833333333333334,
    "support": 32,
    "confused_with": {
      "provide": 14,
      "negate": 3
    }
  },
  "accuracy": 0.953887884267631,
  "macro avg": {
    "precision": 0.844117867151575,
    "recall": 0.7828065774804905,
    "f1-score": 0.7975487289542831,
    "support": 1106
  },
  "weighted avg": {
    "precision": 0.9533294201041119,
    "recall": 0.953887884267631,
    "f1-score": 0.9513388474930726,
    "support": 1106
  },
  "micro avg": {
    "precision": 0.953887884267631,
    "recall": 0.953887884267631,
    "f1-score": 0.953887884267631,
    "support": 1106
  }
}