{
  "provide": {
    "precision": 0.9734151329243353,
    "recall": 0.9855072463768116,
    "f1-score": 0.9794238683127572,
    "support": 966,
    "confused_with": {
      "accept_provide": 6,
      "uninspiring": 3
    }
  },
  "uninspiring": {
    "precision": 0.8333333333333334,
    "recall": 0.46875,
    "f1-score": 0.6,
    "support": 32,
    "confused_with": {
      "provide": 14,
      "negate": 2
    }
  },
  "negate": {
    "precision": 0.782608695652174,
    "recall": 0.9,
    "f1-score": 0.8372093023255814,
    "support": 20,
    "confused_with": {
      "provide": 2
    }
  },
  "accept_provide": {
    "precision": 0.8260869565217391,
    "recall": 0.7307692307692307,
    "f1-score": 0.7755102040816326,
    "support": 52,
    "confused_with": {
      "provide": 8,
      "accept": 6
    }
  },
  "accept": {
    "precision": 0.7804878048780488,
    "recall": 0.8888888888888888,
    "f1-score": 0.8311688311688312,
    "support": 36,
    "confused_with": {
      "provide": 2,
      "accept_provide": 2
    }
  },
  "accuracy": 0.953887884267631,
  "macro avg": {
    "precision": 0.8391863846619261,
    "recall": 0.7947830732069863,
    "f1-score": 0.8046624411777605,
    "support": 1106
  },
  "weighted avg": {
    "precision": 0.9527051914099081,
    "recall": 0.953887884267631,
    "f1-score": 0.9514613484366707,
    "support": 1106
  },
  "micro avg": {
    "precision": 0.953887884267631,
    "recall": 0.953887884267631,
    "f1-score": 0.953887884267631,
    "support": 1106
  }
}