{
  "provide": {
    "precision": 0.9632495164410058,
    "recall": 0.9920318725099602,
    "f1-score": 0.9774288518155054,
    "support": 502,
    "confused_with": {
      "uninspiring": 1,
      "negate": 1
    }
  },
  "accept": {
    "precision": 0.7272727272727273,
    "recall": 0.8421052631578947,
    "f1-score": 0.7804878048780488,
    "support": 19,
    "confused_with": {
      "uninspiring": 1,
      "provide": 1
    }
  },
  "negate": {
    "precision": 0.6666666666666666,
    "recall": 0.7272727272727273,
    "f1-score": 0.6956521739130435,
    "support": 11,
    "confused_with": {
      "uninspiring": 1,
      "provide": 1
    }
  },
  "accept_provide": {
    "precision": 0.875,
    "recall": 0.5384615384615384,
    "f1-score": 0.6666666666666667,
    "support": 26,
    "confused_with": {
      "provide": 8,
      "accept": 4
    }
  },
  "uninspiring": {
    "precision": 0.5714285714285714,
    "recall": 0.25,
    "f1-score": 0.34782608695652173,
    "support": 16,
    "confused_with": {
      "provide": 9,
      "negate": 2
    }
  },
  "accuracy": 0.9407665505226481,
  "macro avg": {
    "precision": 0.7607234963617943,
    "recall": 0.6699742802804242,
    "f1-score": 0.6936123168459571,
    "support": 574
  },
  "weighted avg": {
    "precision": 0.9348355915466153,
    "recall": 0.9407665505226481,
    "f1-score": 0.9338837570413726,
    "support": 574
  },
  "micro avg": {
    "precision": 0.9407665505226481,
    "recall": 0.9407665505226481,
    "f1-score": 0.9407665505226481,
    "support": 574
  }
}